,Title,Avg,Units
0,Pressure_Ratio,2.1070434526853945,%
1,Power,8.547707011152184,kW
2,Leakage,-15.870823753231319,%
3,Compressor_Efficiency,7.860489776714423,%
4,Fuel_Flowrate,0.07959829964234622,kg/s
5,Efficiency,0.23574241696793188,%
6,T_PT_Exit,855.0200643776824,C
